---
layout: post
title: MySQL RANGE分区
---

MySQL RANGE分区
========================
19 Feb 2013 - Beijing

注: MySQL有RANGE,LIST,HASH,KEY以及子分区等分区类型。本文只介绍RANGE分区方式，其它分区方式请参看结尾参考资料。

# 1. Enviroment: 
************************************************
	[root@localhost qinguan]# cat /etc/redhat-release 
	CentOS release 6.3 (Final)
	[root@localhost qinguan]# 
	[root@localhost qinguan]# mysql -V
	mysql  Ver 14.14 Distrib 5.1.67, for redhat-linux-gnu (i386) using readline 5.1
************************************************
	
# 2. 创建测试数据库:
************************************************
	mysql> create database qinguan;
	Query OK, 1 row affected (0.03 sec)
	mysql> use qinguan;
	Database changed
	mysql>
************************************************

# 3. 建表并分区,(这里使用RANGE方式):
************************************************
	mysql> CREATE TABLE trb3 (id INT, name VARCHAR(50), purchased DATE)
		->     PARTITION BY RANGE(YEAR(purchased))
		->     (
		->         PARTITION p0 VALUES LESS THAN (1990),
		->         PARTITION p1 VALUES LESS THAN (1995),
		->         PARTITION p2 VALUES LESS THAN (2000),
		->         PARTITION p3 VALUES LESS THAN (2005)
		->     )
		-> ;
	mysql> show tables;
	+-------------------+
	| Tables_in_qinguan |
	+-------------------+
	| trb3              |
	+-------------------+
	1 row in set (0.00 sec)
	mysql>
************************************************

#  4. 插入数据测试:	
************************************************
	mysql> insert into trb3 values(1,'desk','2003-10-01');
	Query OK, 1 row affected (0.00 sec)

	mysql> select * from trb3;
	+------+------+------------+
	| id   | name | purchased  |
	+------+------+------------+
	|    1 | desk | 2003-10-01 |
	+------+------+------------+
	1 row in set (0.00 sec)

	mysql>
	[root@localhost qinguan]# ll
	total 40
	-rw-rw----. 1 mysql mysql   65 Feb 20 15:13 db.opt
	-rw-rw----. 1 mysql mysql 8626 Feb 20 15:17 trb3.frm
	-rw-rw----. 1 mysql mysql   32 Feb 20 15:17 trb3.par
	-rw-rw----. 1 mysql mysql    0 Feb 20 15:17 trb3#P#p0.MYD
	-rw-rw----. 1 mysql mysql 1024 Feb 20 15:17 trb3#P#p0.MYI
	-rw-rw----. 1 mysql mysql    0 Feb 20 15:17 trb3#P#p1.MYD
	-rw-rw----. 1 mysql mysql 1024 Feb 20 15:17 trb3#P#p1.MYI
	-rw-rw----. 1 mysql mysql    0 Feb 20 15:17 trb3#P#p2.MYD
	-rw-rw----. 1 mysql mysql 1024 Feb 20 15:17 trb3#P#p2.MYI
	-rw-rw----. 1 mysql mysql   20 Feb 20 19:01 trb3#P#p3.MYD
	-rw-rw----. 1 mysql mysql 1024 Feb 20 19:01 trb3#P#p3.MYI
************************************************	
# 注:显示数据已经插入到p3分区中。

# 5. 添加分区(RANGE 方式只能往高位添加)：
************************************************
	mysql> show create table trb3\G
	*************************** 1. row ***************************
		   Table: trb3
	Create Table: CREATE TABLE `trb3` (
	  `id` int(11) DEFAULT NULL,
	  `name` varchar(50) DEFAULT NULL,
	  `purchased` date DEFAULT NULL
	) ENGINE=MyISAM DEFAULT CHARSET=latin1
	/*!50100 PARTITION BY RANGE (YEAR(purchased))
	(PARTITION p0 VALUES LESS THAN (1990) ENGINE = MyISAM,
	 PARTITION p1 VALUES LESS THAN (1995) ENGINE = MyISAM,
	 PARTITION p2 VALUES LESS THAN (2000) ENGINE = MyISAM,
	 PARTITION p3 VALUES LESS THAN (2005) ENGINE = MyISAM) */
	1 row in set (0.00 sec)
	mysql> 

	mysql> alter table trb3 add partition (partition p4 values less than (2010));
	Query OK, 0 rows affected (1.10 sec)
	Records: 0  Duplicates: 0  Warnings: 0

	mysql> show create table trb3\G
	*************************** 1. row ***************************
		   Table: trb3
	Create Table: CREATE TABLE `trb3` (
	  `id` int(11) DEFAULT NULL,
	  `name` varchar(50) DEFAULT NULL,
	  `purchased` date DEFAULT NULL
	) ENGINE=MyISAM DEFAULT CHARSET=latin1
	/*!50100 PARTITION BY RANGE (YEAR(purchased))
	(PARTITION p0 VALUES LESS THAN (1990) ENGINE = MyISAM,
	 PARTITION p1 VALUES LESS THAN (1995) ENGINE = MyISAM,
	 PARTITION p2 VALUES LESS THAN (2000) ENGINE = MyISAM,
	 PARTITION p3 VALUES LESS THAN (2005) ENGINE = MyISAM,
	 PARTITION p4 VALUES LESS THAN (2010) ENGINE = MyISAM) */
	1 row in set (0.00 sec)
	mysql> 
************************************************
	
# 6. 分区继续拆分：
************************************************
	mysql> alter table trb3 reorganize partition p0 into (
		-> partition s0 values less than (1985),
		-> partition s1 values less than (1990)
		-> );
	Query OK, 0 rows affected (1.17 sec)
	Records: 0  Duplicates: 0  Warnings: 0

	mysql> show create table trb3\G
	*************************** 1. row ***************************
		   Table: trb3
	Create Table: CREATE TABLE `trb3` (
	  `id` int(11) DEFAULT NULL,
	  `name` varchar(50) DEFAULT NULL,
	  `purchased` date DEFAULT NULL
	) ENGINE=MyISAM DEFAULT CHARSET=latin1
	/*!50100 PARTITION BY RANGE (YEAR(purchased))
	(PARTITION s0 VALUES LESS THAN (1985) ENGINE = MyISAM,
	 PARTITION s1 VALUES LESS THAN (1990) ENGINE = MyISAM,
	 PARTITION p1 VALUES LESS THAN (1995) ENGINE = MyISAM,
	 PARTITION p2 VALUES LESS THAN (2000) ENGINE = MyISAM,
	 PARTITION p3 VALUES LESS THAN (2005) ENGINE = MyISAM,
	 PARTITION p4 VALUES LESS THAN (2010) ENGINE = MyISAM) */
	1 row in set (0.00 sec)
	mysql>

	[root@localhost qinguan]# ll /var/lib/mysql/qinguan/
	total 48
	-rw-rw----. 1 mysql mysql   65 Feb 20 15:13 db.opt
	-rw-rw----. 1 mysql mysql 8626 Feb 20 19:24 trb3.frm
	-rw-rw----. 1 mysql mysql   44 Feb 20 19:24 trb3.par
	-rw-rw----. 1 mysql mysql    0 Feb 20 15:17 trb3#P#p1.MYD
	-rw-rw----. 1 mysql mysql 1024 Feb 20 15:17 trb3#P#p1.MYI
	-rw-rw----. 1 mysql mysql    0 Feb 20 15:17 trb3#P#p2.MYD
	-rw-rw----. 1 mysql mysql 1024 Feb 20 15:17 trb3#P#p2.MYI
	-rw-rw----. 1 mysql mysql   20 Feb 20 19:01 trb3#P#p3.MYD
	-rw-rw----. 1 mysql mysql 1024 Feb 20 19:18 trb3#P#p3.MYI
	-rw-rw----. 1 mysql mysql    0 Feb 20 19:18 trb3#P#p4.MYD
	-rw-rw----. 1 mysql mysql 1024 Feb 20 19:18 trb3#P#p4.MYI
	-rw-rw----. 1 mysql mysql    0 Feb 20 19:24 trb3#P#s0.MYD
	-rw-rw----. 1 mysql mysql 1024 Feb 20 19:24 trb3#P#s0.MYI
	-rw-rw----. 1 mysql mysql    0 Feb 20 19:24 trb3#P#s1.MYD
	-rw-rw----. 1 mysql mysql 1024 Feb 20 19:24 trb3#P#s1.MYI
	[root@localhost qinguan]# 
************************************************

# 注:p0分区已经被分拆为s0,s1两个分区	

# 7. 分区合并:
************************************************
	mysql> insert into trb3 values(2,'test','1993-02-23');
	Query OK, 1 row affected (0.00 sec)

	mysql> select * from trb3;
	+------+------+------------+
	| id   | name | purchased  |
	+------+------+------------+
	|    2 | test | 1993-02-23 |
	|    1 | desk | 2003-10-01 |
	+------+------+------------+
	2 rows in set (0.00 sec)
	mysql> 
	[root@localhost qinguan]# ll /var/lib/mysql/qinguan/
	total 52
	-rw-rw----. 1 mysql mysql   65 Feb 20 15:13 db.opt
	-rw-rw----. 1 mysql mysql 8626 Feb 20 19:24 trb3.frm
	-rw-rw----. 1 mysql mysql   44 Feb 20 19:24 trb3.par
	-rw-rw----. 1 mysql mysql   20 Feb 20 19:53 trb3#P#p1.MYD
	-rw-rw----. 1 mysql mysql 1024 Feb 20 19:53 trb3#P#p1.MYI
	-rw-rw----. 1 mysql mysql    0 Feb 20 15:17 trb3#P#p2.MYD
	-rw-rw----. 1 mysql mysql 1024 Feb 20 15:17 trb3#P#p2.MYI
	-rw-rw----. 1 mysql mysql   20 Feb 20 19:01 trb3#P#p3.MYD
	-rw-rw----. 1 mysql mysql 1024 Feb 20 19:18 trb3#P#p3.MYI
	-rw-rw----. 1 mysql mysql    0 Feb 20 19:18 trb3#P#p4.MYD
	-rw-rw----. 1 mysql mysql 1024 Feb 20 19:18 trb3#P#p4.MYI
	-rw-rw----. 1 mysql mysql    0 Feb 20 19:24 trb3#P#s0.MYD
	-rw-rw----. 1 mysql mysql 1024 Feb 20 19:24 trb3#P#s0.MYI
	-rw-rw----. 1 mysql mysql    0 Feb 20 19:24 trb3#P#s1.MYD
	-rw-rw----. 1 mysql mysql 1024 Feb 20 19:24 trb3#P#s1.MYI
	[root@localhost qinguan]# 
	# 注: 此时插入的数据添加到p1分区中。	
************************************************	
	# 合并分区s1,p1到K1：(只能合并相连的分区)
	mysql> alter table trb3 reorganize partition s1,p1 into (
		-> partition k1 values less than (1995)
		-> );
	Query OK, 1 row affected (0.53 sec)
	Records: 1  Duplicates: 0  Warnings: 0
	mysql> show create table trb3\G
	*************************** 1. row ***************************
		   Table: trb3
	Create Table: CREATE TABLE `trb3` (
	  `id` int(11) DEFAULT NULL,
	  `name` varchar(50) DEFAULT NULL,
	  `purchased` date DEFAULT NULL
	) ENGINE=MyISAM DEFAULT CHARSET=latin1
	/*!50100 PARTITION BY RANGE (YEAR(purchased))
	(PARTITION s0 VALUES LESS THAN (1985) ENGINE = MyISAM,
	 PARTITION k1 VALUES LESS THAN (1995) ENGINE = MyISAM,
	 PARTITION p2 VALUES LESS THAN (2000) ENGINE = MyISAM,
	 PARTITION p3 VALUES LESS THAN (2005) ENGINE = MyISAM,
	 PARTITION p4 VALUES LESS THAN (2010) ENGINE = MyISAM) */
	1 row in set (0.00 sec)
	mysql> 
	[root@localhost qinguan]# ll /var/lib/mysql/qinguan/
	total 48
	-rw-rw----. 1 mysql mysql   65 Feb 20 15:13 db.opt
	-rw-rw----. 1 mysql mysql 8626 Feb 20 19:56 trb3.frm
	-rw-rw----. 1 mysql mysql   40 Feb 20 19:56 trb3.par
	-rw-rw----. 1 mysql mysql   20 Feb 20 19:56 trb3#P#k1.MYD
	-rw-rw----. 1 mysql mysql 1024 Feb 20 19:56 trb3#P#k1.MYI
	-rw-rw----. 1 mysql mysql    0 Feb 20 15:17 trb3#P#p2.MYD
	-rw-rw----. 1 mysql mysql 1024 Feb 20 15:17 trb3#P#p2.MYI
	-rw-rw----. 1 mysql mysql   20 Feb 20 19:01 trb3#P#p3.MYD
	-rw-rw----. 1 mysql mysql 1024 Feb 20 19:18 trb3#P#p3.MYI
	-rw-rw----. 1 mysql mysql    0 Feb 20 19:18 trb3#P#p4.MYD
	-rw-rw----. 1 mysql mysql 1024 Feb 20 19:18 trb3#P#p4.MYI
	-rw-rw----. 1 mysql mysql    0 Feb 20 19:24 trb3#P#s0.MYD
	-rw-rw----. 1 mysql mysql 1024 Feb 20 19:24 trb3#P#s0.MYI
	[root@localhost qinguan]# 
	# 注：分区已合并，并且插入的数据未丢失,被存到k1分区：
************************************************

# 8. 重新组织分区：
************************************************
	# 将所有分区重新划为两个新分区m0,m1
	mysql> alter table trb3 reorganize partition s0,k1,p2,p3,p4 into ( 
		-> partition m0 values less than (2000),
		-> partition m1 values less than (2010)
		-> );

	Query OK, 2 rows affected (1.48 sec)
	Records: 2  Duplicates: 0  Warnings: 0
	mysql> show create table trb3\G
	*************************** 1. row ***************************
		   Table: trb3
	Create Table: CREATE TABLE `trb3` (
	  `id` int(11) DEFAULT NULL,
	  `name` varchar(50) DEFAULT NULL,
	  `purchased` date DEFAULT NULL
	) ENGINE=MyISAM DEFAULT CHARSET=latin1
	/*!50100 PARTITION BY RANGE (YEAR(purchased))
	(PARTITION m0 VALUES LESS THAN (2000) ENGINE = MyISAM,
	 PARTITION m1 VALUES LESS THAN (2010) ENGINE = MyISAM) */
	1 row in set (0.00 sec)
	mysql> 
	[root@localhost qinguan]# ll /var/lib/mysql/qinguan/
	total 36
	-rw-rw----. 1 mysql mysql   65 Feb 20 15:13 db.opt
	-rw-rw----. 1 mysql mysql 8626 Feb 20 20:05 trb3.frm
	-rw-rw----. 1 mysql mysql   28 Feb 20 20:05 trb3.par
	-rw-rw----. 1 mysql mysql   20 Feb 20 20:05 trb3#P#m0.MYD
	-rw-rw----. 1 mysql mysql 1024 Feb 20 20:05 trb3#P#m0.MYI
	-rw-rw----. 1 mysql mysql   20 Feb 20 20:05 trb3#P#m1.MYD
	-rw-rw----. 1 mysql mysql 1024 Feb 20 20:05 trb3#P#m1.MYI
	[root@localhost qinguan]# 
************************************************	

# 参考资料:

+ <http://dev.mysql.com/doc/refman/5.1/zh/partitioning.html>